{
  "accuracy": 0.87875,
  "macro_f1": 0.8796628509335995,
  "task": "family",
  "epoch": 19,
  "global_step": 8550,
  "train_rows": 28800,
  "valid_rows": 3200,
  "max_length": 384,
  "lora_r": 16,
  "world_size": 4
}
